{"cameraMode":{"drawMode":0,"name":"Shaded","section":"Shading Mode"},"sceneLighting":false,"audioPlay":false,"sceneViewState":{"showFog":true,"showMaterialUpdate":false,"showSkybox":true,"showFlares":true,"showImageEffects":true,"showParticleSystems":true},"in2DMode":false,"pivot":{"x":4.337601184844971,"y":-3.4206161499023439,"z":6.618913650512695},"rotation":{"x":0.3271617889404297,"y":-0.007650538347661495,"z":0.0026490690652281048,"w":0.9449336528778076},"size":12.418808937072754,"orthographic":false}