{"cameraMode":{"drawMode":0,"name":"Shaded","section":"Shading Mode"},"sceneLighting":false,"audioPlay":false,"sceneViewState":{"showFog":true,"showMaterialUpdate":false,"showSkybox":true,"showFlares":true,"showImageEffects":true,"showParticleSystems":true},"in2DMode":false,"pivot":{"x":4.439731121063232,"y":0.7597446441650391,"z":1.5135793685913087},"rotation":{"x":0.3384888768196106,"y":0.0008497853414155543,"z":-0.00030540829175151885,"w":0.9409700036048889},"size":8.858343124389649,"orthographic":false}