{"cameraMode":{"drawMode":0,"name":"Shaded","section":"Shading Mode"},"sceneLighting":false,"audioPlay":false,"sceneViewState":{"showFog":true,"showMaterialUpdate":false,"showSkybox":true,"showFlares":true,"showImageEffects":true,"showParticleSystems":true},"in2DMode":false,"pivot":{"x":5.92725944519043,"y":1.3274145126342774,"z":2.063662528991699},"rotation":{"x":0.31580907106399538,"y":-0.001989558571949601,"z":0.0006625092937611043,"w":0.9488204717636108},"size":8.858343124389649,"orthographic":false}