{"cameraMode":{"drawMode":0,"name":"Shaded","section":"Shading Mode"},"sceneLighting":false,"audioPlay":false,"sceneViewState":{"showFog":true,"showMaterialUpdate":false,"showSkybox":true,"showFlares":true,"showImageEffects":true,"showParticleSystems":true},"in2DMode":false,"pivot":{"x":4.485278129577637,"y":0.5081276893615723,"z":1.2340826988220215},"rotation":{"x":0.34552842378616335,"y":-0.006190446205437183,"z":0.0022797463461756708,"w":0.9383851289749146},"size":8.858343124389649,"orthographic":false}